regime,rolling_std
0,
0,0.0001616934005471472
0,0.006131596592892379
0,0.007792471195896753
0,0.015849516518327066
0,0.014176661289932866
0,0.012959794801123144
0,0.012614395934546812
0,0.013536941949153095
0,0.01375049723609324
0,0.0132036506484322
0,0.013051565880606015
0,0.012561951300278767
0,0.012161596741680523
0,0.011719319833235944
0,0.01152069289292911
0,0.011975327627605444
0,0.011668511344921893
0,0.011477388867176275
0,0.011254353386470088
0,0.01106366788620483
0,0.010909823199506147
0,0.011087530281276322
0,0.011180588872981076
0,0.008830856375645789
0,0.008780240599200422
0,0.008979750138298255
0,0.00890882910523828
0,0.006801951619505086
0,0.0065388233958061995
0,0.006687714577502049
0,0.006594317492427185
0,0.006249483188301621
0,0.005776940755078983
0,0.006123469290487518
0,0.00771758320313281
0,0.007025843601032338
0,0.007190028685905284
0,0.007124638663485274
0,0.007139218697518255
0,0.007232096510909383
0,0.007197510274509218
0,0.006739370555533294
0,0.007443606510940291
0,0.007605537593884808
0,0.007616147933397498
0,0.008839202013494753
0,0.009759096508351434
0,0.010334100091790461
0,0.011052587122345803
0,0.01095063515287911
0,0.011407005567337649
0,0.011677138908563131
0,0.013772803286358439
0,0.013807046836884268
0,0.013836824072257291
0,0.013887678484566995
0,0.013997900604413603
0,0.014174218042241888
0,0.014984235823417591
0,0.015883664720195912
0,0.01580878426568896
0,0.01587945450410238
0,0.016839194795754863
0,0.01707252779407612
0,0.017159552106465144
0,0.016636609122149124
0,0.016178407182223426
0,0.015759211785127698
0,0.015123463416270754
0,0.015134390939363382
0,0.014541098588435228
0,0.014860661720789274
0,0.015164563127778067
0,0.015043512364463309
0,0.014743922085844092
0,0.014600398250776619
0,0.014755177133097916
0,0.014551368327509839
0,0.014647844834587509
0,0.01376211022730344
0,0.014862829528829058
0,0.014829464870194924
0,0.013662520629653887
0,0.014077873536273358
0,0.013967579596520537
0,0.013621650327008555
0,0.01373335378712507
0,0.01371462102344827
0,0.016277095600124192
0,0.018641962540760726
0,0.018456275070361357
0,0.018464591926336954
0,0.0188127242811858
0,0.019324928946195915
0,0.019277265749375085
0,0.019586920754275133
0,0.01994086597894327
0,0.020351347228902167
0,0.02051177341507766
0,0.020414523449095827
0,0.02067976844611655
0,0.02053449959675999
0,0.02133021939386672
0,0.020627881048442855
0,0.020719823961442882
0,0.02088678301510697
0,0.02231835402308559
0,0.02235196688367349
0,0.021244841568729765
0,0.019943368742418935
0,0.020264298459584877
0,0.020416386970380746
0,0.01905572101189513
0,0.02003890616537409
0,0.020039953758705764
0,0.021685646135005128
0,0.02096445059361741
0,0.020996419305250917
0,0.020632113480713584
0,0.021949681154974962
0,0.02294008336741174
0,0.023202960334426342
0,0.022770723793421238
0,0.022592658427475033
0,0.02270535610337133
0,0.022038412153101504
0,0.021241282823041628
0,0.02101516998078992
0,0.02116006099567658
0,0.020991831846194905
0,0.0210857945276226
0,0.021076193229374405
0,0.020583877561360778
0,0.01855664253977469
0,0.019574640935410142
0,0.01911397132655284
0,0.01891316557399689
0,0.01842069853261162
0,0.018516130764588364
0,0.017524812643757104
0,0.01601800814154523
0,0.016479620919516175
0,0.01569560498216264
0,0.01653673763872964
0,0.0160113662740784
0,0.016364902489171277
0,0.016264988142187724
0,0.016734401438765832
0,0.01797237478288576
0,0.017056885727266144
0,0.01903853341332078
0,0.02059979868738094
0,0.021147408107343512
0,0.020414051228172206
0,0.021821096043386133
0,0.023805802019955885
0,0.02382649963521021
0,0.02515806929135246
0,0.025233965347889353
0,0.025848475555837705
0,0.025083443524604686
0,0.026969133979138776
0,0.02698307869747226
0,0.027342603238752254
0,0.02884223656106853
0,0.028698867427408844
0,0.028370748418741792
0,0.02848280161985263
0,0.027691088119866026
0,0.028033903250547706
0,0.027793691089619172
0,0.027524990075316558
0,0.027246567584980945
0,0.027260487786181276
0,0.02695215531107614
0,0.02513110947763682
0,0.024959974467862755
0,0.022884813810580242
0,0.022919289771092245
0,0.022603344872443663
0,0.024086477064839778
0,0.024516057238462275
0,0.02447522687003629
0,0.024309722250121797
0,0.023736221136608015
0,0.024058304928046663
0,0.024828033257375648
0,0.02450795282697168
0,0.02426957209180165
0,0.025191944579863363
0,0.02450301096555451
0,0.023960319142102282
0,0.023972623902072235
0,0.024060357938494384
0,0.023171194076720313
0,0.023184510171704805
0,0.0231764021401018
0,0.023733560367395774
0,0.023710717476667458
0,0.023453854636860512
0,0.022169117781253023
0,0.019270348846185295
0,0.019274646086984003
0,0.01889086133122601
0,0.016241211720327164
0,0.017238254909396445
0,0.016762861225750002
0,0.016854874215234305
0,0.01737821747523012
0,0.015855688999612153
0,0.016363813481326105
0,0.017112822361347094
0,0.017152382274211578
0,0.01690776436938515
0,0.01697743701656986
0,0.01680133072127694
0,0.01746375085097051
0,0.01698624965247435
0,0.01710766674072543
0,0.015962270996439584
0,0.016089970739251315
0,0.01682956604592695
0,0.017009903292516098
0,0.017129387524585607
0,0.016776538368089913
0,0.015925616233318816
0,0.016243368349955073
0,0.01610023750105879
0,0.01620294732158416
0,0.01739838233948814
0,0.016681404547233974
0,0.014227053668447483
0,0.014483842091821334
0,0.01662284226801137
0,0.016753369589356987
0,0.016898983878832492
0,0.015604807509606543
0,0.015506759231831691
0,0.015647549556757814
0,0.015646463922261503
0,0.016553626676808552
0,0.014964762634100364
0,0.015959990177997038
0,0.01542199303156917
0,0.01868335908128639
0,0.018901940197169634
0,0.018940286691612677
0,0.018869022878195023
0,0.01879885057825489
0,0.01819783174319993
0,0.018438458604316935
0,0.01841902584122033
0,0.017827745169817655
0,0.016158922569822154
0,0.016220907111993674
0,0.017115104731181684
0,0.018001772912003885
0,0.018143975208400127
0,0.019068692825534358
0,0.0207320271729011
0,0.020024872376590258
0,0.019940288782603916
0,0.02051507685895566
0,0.02003824079216754
0,0.017172442705029132
0,0.016947940491251628
0,0.01792152169835093
0,0.018882924371338428
0,0.020683521832759563
0,0.02082268573414442
0,0.020566043529447638
0,0.020414619522148573
0,0.02077214198940875
0,0.020799944742155872
0,0.021355009176738705
0,0.021435778200756955
0,0.020752711638143337
0,0.021328505774887013
0,0.02097035841969351
0,0.019621658470249662
0,0.020927267908038394
0,0.021166402753343038
0,0.019770459112244156
0,0.019733443074568348
0,0.019574341634826613
0,0.020412030172733627
0,0.025856653101006793
0,0.024861208497999537
0,0.024100721578010915
0,0.024207099914111962
0,0.02442537577779134
0,0.024382160076937054
0,0.023909415837965374
0,0.024005923826887585
0,0.023658045810739846
0,0.023241240030752765
0,0.022922359058659886
0,0.022367522713309104
0,0.0222832454579356
0,0.02421062748065773
0,0.022651602954896984
0,0.02212334660875455
0,0.022714592625771867
0,0.023289632780423394
0,0.023339372620990173
0,0.0225543112768782
0,0.015515415562587042
0,0.015170597631614673
0,0.015142177966210627
0,0.014862670210857501
0,0.016160700492451486
0,0.016259608576777322
0,0.016506820161330992
0,0.016399701243649707
0,0.016494243337913397
0,0.01680891067907741
0,0.016850522954463883
0,0.01677874169174157
0,0.016930639579315686
0,0.014566748778438655
0,0.0145278725645746
0,0.014528803171855006
0,0.014331913913686892
0,0.014054752409724196
0,0.015449221272158682
0,0.015268260516068562
0,0.015446655364403688
0,0.015715908198689583
0,0.015598736044718798
0,0.015618368326601368
0,0.013687023629589486
0,0.013816321919911029
0,0.013537252972007375
0,0.01463880232585929
0,0.014887639614087114
0,0.013779905733529227
0,0.013836993264599194
0,0.013509292091978766
0,0.01277263656864074
0,0.013189918581760182
0,0.013408177045322723
0,0.01344532149301719
0,0.014648703214409182
0,0.014748781160386753
0,0.014627627939248024
0,0.014916148481326672
0,0.015774334687504117
0,0.015855214393189373
0,0.015996653804924096
0,0.016185716369414006
0,0.016183149477848807
0,0.01575201465228588
0,0.016251303964159983
0,0.01554078327328914
0,0.01618048731381524
0,0.016161704816176386
0,0.016208704640291286
0,0.016220823470653418
0,0.016134393175370933
0,0.015501319009613922
0,0.015078716357788916
0,0.01441059434799015
0,0.013040462496002178
0,0.012627729466779498
0,0.012729661810579803
0,0.011869897989788858
0,0.012138773904256446
0,0.012497882623384372
0,0.012573507694395313
0,0.013116384498645016
0,0.013007462865586145
0,0.014138846894541368
0,0.013688225537611147
0,0.013676081828640718
0,0.012825970889225147
0,0.01342289842696349
0,0.013508854428871323
0,0.012846193399727647
0,0.012883181176737157
0,0.012940462455568255
0,0.013317834383736163
0,0.01331737630758495
0,0.013165282982521901
0,0.013190616818388427
0,0.012860296705376558
0,0.013191121517486446
0,0.012134438208754608
0,0.01114492280709879
0,0.011304235499118475
0,0.010808506058589039
0,0.011493434948694209
0,0.010382317163560433
0,0.010156748579369046
0,0.010165583831910475
0,0.009639190460907757
0,0.009029643569976079
0,0.00881157446774441
0,0.008847154794402881
0,0.009929291125821053
0,0.009914365442217896
0,0.010576966713929239
0,0.010565625471590338
0,0.009837272526332461
0,0.010118746735331176
0,0.010104483388937218
0,0.00987430679467297
0,0.010982219641523794
0,0.010982371017093914
0,0.01103927559753038
0,0.011021816284518114
0,0.01015383504395786
0,0.010154529448373095
0,0.010229257171270828
0,0.010243548053588448
0,0.010583452190325528
0,0.010753177154245145
0,0.010807944162214473
0,0.01074632514835026
0,0.010051059059420386
0,0.01025143024124229
0,0.0095581559636345
0,0.010478652010766438
0,0.010432518981980837
0,0.010157867570160984
0,0.010177072854701022
0,0.01002731415149862
0,0.009226694209573436
0,0.009212938359392006
0,0.009708952146495446
0,0.009701027492985934
0,0.009703610916440649
0,0.00987691605752162
0,0.009902046649724723
0,0.009786102239271479
0,0.00973644987535117
0,0.009765430175708304
0,0.009739609384453916
0,0.010365965915846735
0,0.009770903804510823
0,0.010033609722855661
0,0.010102822790379119
0,0.009620855751016765
0,0.009618667933581385
0,0.009426671728544542
0,0.009528483204562867
0,0.009337327360436624
0,0.009356202612206928
0,0.009625104723592365
0,0.009040065642950403
0,0.008837835856767269
0,0.008878318697917663
0,0.008613638810449934
0,0.009066269824829347
0,0.009094574729956777
0,0.008985183776170842
0,0.008847840366125565
0,0.008811922340857122
0,0.00970486052553519
0,0.00958505477882338
0,0.00918604894805658
0,0.00863125878092839
0,0.008062538269955883
0,0.008235457263722054
0,0.009079143736234738
0,0.008642202396124265
0,0.00875794801838482
0,0.010193731288762624
0,0.00998928586666591
0,0.010064156963365642
0,0.01013092109994343
0,0.010265695978990658
0,0.01025982138487635
0,0.009516179287675572
0,0.009560262134133466
0,0.009637073480889713
0,0.00961928270390717
0,0.009795269010008243
0,0.009147609216387671
0,0.009148333346117457
0,0.009980728891280837
0,0.009821105560007332
0,0.010632145289566255
0,0.011292475288814694
0,0.01053159435041754
0,0.010771652835266729
0,0.011612561026269926
0,0.010623178075675947
0,0.010621064816080739
0,0.010552771460595132
0,0.010473589976501376
0,0.010601063553674689
0,0.010456057912256247
0,0.010455044533156526
0,0.010647649344472291
0,0.0106938057751304
0,0.010363987437467909
0,0.01007366589333594
0,0.010382463079921422
0,0.010356147619363505
0,0.00984765500996941
0,0.010477413543448942
0,0.010511198163873288
0,0.009725176742562028
0,0.00951103356539381
0,0.009756574085146937
0,0.008668379059508277
0,0.008838584449077168
0,0.008844821882592205
0,0.009088856176048706
0,0.009754532128183708
0,0.010306281912324307
0,0.010189178648346236
0,0.010939862702094239
0,0.010613846016129833
0,0.010521449888035597
0,0.010640215492013464
0,0.010510602525420328
0,0.010294386048902706
0,0.010700061058380774
